{
  "centre": [
    0.6187705993652344,
    -17.742977142333984,
    15.566457748413086
  ],
  "scale": 0.011483248323202133
}